<pkgref spec="1.12" uuid="0D80338D-25E2-4B70-A3D7-36B86FE654F5"><config><identifier>org.apache.cordovalibinstaller.cordovalib.pkg</identifier><version>1.0</version><description></description><post-install type="none"/><installFrom relative="true" mod="true">../CordovaLib</installFrom><installTo mod="true">/Documents/CordovaLib</installTo><flags><followSymbolicLinks/></flags><packageStore type="internal"></packageStore><mod>installTo</mod><mod>scripts.scriptsDirectoryPath.path</mod><mod>installFrom.path</mod><mod>scripts.postinstall.path</mod><mod>identifier</mod><mod>parent</mod><mod>requireAuthorization</mod><mod>installTo.path</mod></config><scripts><postinstall relative="true" mod="true">scripts/xcodevars.postinstall</postinstall><scripts-dir relative="true" mod="true">scripts</scripts-dir></scripts></pkgref>