<!--
#
# Licensed to the Apache Software Foundation (ASF) under one
# or more contributor license agreements.  See the NOTICE file
# distributed with this work for additional information
# regarding copyright ownership.  The ASF licenses this file
# to you under the Apache License, Version 2.0 (the
# "License"); you may not use this file except in compliance
# with the License.  You may obtain a copy of the License at
# 
# http://www.apache.org/licenses/LICENSE-2.0
# 
# Unless required by applicable law or agreed to in writing,
# software distributed under the License is distributed on an
# "AS IS" BASIS, WITHOUT WARRANTIES OR CONDITIONS OF ANY
#  KIND, either express or implied.  See the License for the
# specific language governing permissions and limitations
# under the License.
#
-->
<pkgref spec="1.12" uuid="3DC0F212-92D2-4056-AB07-C275232066A3"><config><identifier>org.apache.cordovalibinstaller.Cordova-basedApplication.pkg</identifier><version>1.01</version><description></description><post-install type="none"/><installFrom relative="true">../Cordova-based Application</installFrom><installTo mod="true">/Library/Application Support/Developer/Shared/Xcode/Project Templates/Cordova/Cordova-based Application</installTo><flags><followSymbolicLinks/></flags><packageStore type="internal"></packageStore><mod>installTo</mod><mod>scripts.scriptsDirectoryPath.path</mod><mod>installTo.isAbsoluteType</mod><mod>scripts.preinstall.path</mod><mod>requireAuthorization</mod><mod>parent</mod><mod>identifier</mod><mod>installTo.path</mod><mod>installFrom.isRelativeType</mod><mod>version</mod></config><scripts><preinstall relative="true" mod="true">scripts/xcodetemplate.preinstall</preinstall><scripts-dir relative="true" mod="true">scripts</scripts-dir></scripts></pkgref>