<!--
#
# Licensed to the Apache Software Foundation (ASF) under one
# or more contributor license agreements.  See the NOTICE file
# distributed with this work for additional information
# regarding copyright ownership.  The ASF licenses this file
# to you under the Apache License, Version 2.0 (the
# "License"); you may not use this file except in compliance
# with the License.  You may obtain a copy of the License at
# 
# http://www.apache.org/licenses/LICENSE-2.0
# 
# Unless required by applicable law or agreed to in writing,
# software distributed under the License is distributed on an
# "AS IS" BASIS, WITHOUT WARRANTIES OR CONDITIONS OF ANY
#  KIND, either express or implied.  See the License for the
# specific language governing permissions and limitations
# under the License.
#
-->
<pkgref spec="1.12" uuid="3F58991D-8A97-4993-B37D-4A82D36CBB33"><config><identifier>org.apache.cordovalibinstaller.Cordova-basedApplication.xctemplate.pkg</identifier><version>1.0</version><description></description><post-install type="none"/><installFrom relative="true">../Cordova-based Application.xctemplate</installFrom><installTo mod="true">/Library/Developer/Xcode/Templates/Project Templates/Application/Cordova-based Application.xctemplate</installTo><flags><followSymbolicLinks/></flags><packageStore type="internal"></packageStore><mod>installTo.path</mod><mod>installFrom.isRelativeType</mod><mod>identifier</mod><mod>parent</mod><mod>requireAuthorization</mod><mod>installTo</mod></config></pkgref>