<!--
#
# Licensed to the Apache Software Foundation (ASF) under one
# or more contributor license agreements.  See the NOTICE file
# distributed with this work for additional information
# regarding copyright ownership.  The ASF licenses this file
# to you under the Apache License, Version 2.0 (the
# "License"); you may not use this file except in compliance
# with the License.  You may obtain a copy of the License at
# 
# http://www.apache.org/licenses/LICENSE-2.0
# 
# Unless required by applicable law or agreed to in writing,
# software distributed under the License is distributed on an
# "AS IS" BASIS, WITHOUT WARRANTIES OR CONDITIONS OF ANY
#  KIND, either express or implied.  See the License for the
# specific language governing permissions and limitations
# under the License.
#
-->
<pkgref spec="1.12" uuid="B2D06243-635E-4227-832D-B7BEDBC4767F"><config><identifier>org.apache.cordovalibinstaller.Cordova.framework.pkg</identifier><version>1.0</version><description></description><post-install type="none"/><installFrom relative="true">../Cordova.framework</installFrom><installTo mod="true">/Library/Frameworks/Cordova.framework</installTo><flags><followSymbolicLinks/></flags><packageStore type="internal"></packageStore><mod>scripts.preinstall.path</mod><mod>installTo</mod><mod>scripts.postinstall.path</mod><mod>scripts.postinstall.isRelativeType</mod><mod>installTo.isRelativeType</mod><mod>installTo.isAbsoluteType</mod><mod>installFrom.isRelativeType</mod><mod>parent</mod><mod>scripts.scriptsDirectoryPath.path</mod><mod>identifier</mod><mod>relocatable</mod><mod>requireAuthorization</mod><mod>installTo.path</mod></config><scripts><preinstall relative="true" mod="true">scripts/framework.preinstall</preinstall><postinstall relative="true" mod="true">scripts/framework.postinstall</postinstall><scripts-dir relative="true" mod="true">scripts</scripts-dir></scripts><contents><file-list>04cordova-contents.xml</file-list><filter>/CVS$</filter><filter>/\.svn$</filter><filter>/\.cvsignore$</filter><filter>/\.cvspass$</filter><filter>/\.DS_Store$</filter></contents></pkgref>