<?xml version="1.0"?>
<!--
#
# Licensed to the Apache Software Foundation (ASF) under one
# or more contributor license agreements.  See the NOTICE file
# distributed with this work for additional information
# regarding copyright ownership.  The ASF licenses this file
# to you under the Apache License, Version 2.0 (the
# "License"); you may not use this file except in compliance
# with the License.  You may obtain a copy of the License at
# 
# http://www.apache.org/licenses/LICENSE-2.0
# 
# Unless required by applicable law or agreed to in writing,
# software distributed under the License is distributed on an
# "AS IS" BASIS, WITHOUT WARRANTIES OR CONDITIONS OF ANY
#  KIND, either express or implied.  See the License for the
# specific language governing permissions and limitations
# under the License.
#
-->
<pkmkdoc spec="1.12">
	<properties>
		<title>Cordova</title>
		<organization>org.apache.cordovalibinstaller</organization>
		<userSees ui="both"/>
		<min-target os="3"/>
		<domain user="true"/>
	</properties>
	<distribution>
		<versions min-spec="1.000000"/>
		<scripts/>
	</distribution>
	<contents>
		<choice title="CordovaLib" id="choice5" starts_selected="true" starts_enabled="true" starts_hidden="false">
			<pkgref id="org.apache.cordovalibinstaller.cordovalib.pkg"/>
		</choice>
		<choice title="Cordova-based Application" id="choice15" starts_selected="true" starts_enabled="true" starts_hidden="false">
			<pkgref id="org.apache.cordovalibinstaller.Cordova-basedApplication.pkg"/>
		</choice>
		<choice title="Cordova.xctemplate" id="choice18" starts_selected="true" starts_enabled="true" starts_hidden="false">
			<pkgref id="org.apache.cordovalibinstaller.Cordova-basedApplication.xctemplate.pkg"/>
		</choice>
		<choice title="Cordova.framework" id="choice19" starts_selected="true" starts_enabled="true" starts_hidden="false">
			<pkgref id="org.apache.cordovalibinstaller.Cordova.framework.pkg"/>
		</choice>
	</contents>
	<resources bg-scale="none" bg-align="topleft">
		<locale lang="en">
			<resource relative="true" mod="true" type="background">cordova.png</resource>
			<resource relative="true" mod="true" type="readme">docs/readme.rtf</resource>
			<resource relative="true" mod="true" type="welcome">docs/releasenotes.rtf</resource>
			<resource relative="true" mod="true" type="conclusion">docs/finishup.rtf</resource>
		</locale>
	</resources>
	<requirements>
	</requirements>
	<flags/>
	<item type="file">01cordovalib.xml</item>
	<item type="file">02cordova.xml</item>
	<item type="file">03cordova.xml</item>
	<item type="file">04cordova.xml</item>
	<mod>properties.title</mod>
	<mod>properties.userDomain</mod>
	<mod>properties.anywhereDomain</mod>
	<mod>preinstallActions.actions</mod>
</pkmkdoc>
