<!--
#
# Licensed to the Apache Software Foundation (ASF) under one
# or more contributor license agreements.  See the NOTICE file
# distributed with this work for additional information
# regarding copyright ownership.  The ASF licenses this file
# to you under the Apache License, Version 2.0 (the
# "License"); you may not use this file except in compliance
# with the License.  You may obtain a copy of the License at
# 
# http://www.apache.org/licenses/LICENSE-2.0
# 
# Unless required by applicable law or agreed to in writing,
# software distributed under the License is distributed on an
# "AS IS" BASIS, WITHOUT WARRANTIES OR CONDITIONS OF ANY
#  KIND, either express or implied.  See the License for the
# specific language governing permissions and limitations
# under the License.
#
-->
<pkgref spec="1.12" uuid="0D80338D-25E2-4B70-A3D7-36B86FE654F5"><config><identifier>org.apache.cordovalibinstaller.cordovalib.pkg</identifier><version>1.0</version><description></description><post-install type="none"/><installFrom relative="true" mod="true">../CordovaLib</installFrom><installTo mod="true">/Documents/CordovaLib</installTo><flags><followSymbolicLinks/></flags><packageStore type="internal"></packageStore><mod>installTo</mod><mod>scripts.scriptsDirectoryPath.path</mod><mod>installFrom.path</mod><mod>scripts.postinstall.path</mod><mod>identifier</mod><mod>parent</mod><mod>requireAuthorization</mod><mod>installTo.path</mod></config><scripts><postinstall relative="true" mod="true">scripts/xcodevars.postinstall</postinstall><scripts-dir relative="true" mod="true">scripts</scripts-dir></scripts></pkgref>